source_id,name,jurisdiction,agency,source_url,license_note,robots_status,robots_checked_at,collection_status,collection_status_since,collection_status_note
govuk-inuk-times,UK visa processing times (inside UK),GB,UK Visas and Immigration (Home Office),https://www.gov.uk/guidance/visa-processing-times-applications-inside-the-uk,Open Government Licence v3.0 — reuse permitted with attribution.,allowed,2026-09-25T01:19:00.960Z,active,,
govuk-passport,UK passport processing time (HM Passport Office service statement),GB,HM Passport Office,https://www.gov.uk/government/organisations/hm-passport-office/about/about-our-services,Open Government Licence v3.0 — reuse permitted with attribution.,allowed,2026-09-25T01:19:04.135Z,active,,
govuk-visa-times,UK visa processing times (outside UK),GB,UK Visas and Immigration (Home Office),https://www.gov.uk/guidance/visa-processing-times-applications-outside-the-uk,Open Government Licence v3.0 — reuse permitted with attribution.,allowed,2026-09-25T01:18:57.960Z,active,,
inz-processing-times,New Zealand visa application processing times,NZ,"Immigration New Zealand (Ministry of Business, Innovation and Employment)",https://www.immigration.govt.nz/process-to-apply/waiting-for-a-visa/processing-a-visa-application/how-long-it-takes-to-process-an-application/check-visa-application-processing-time/,New Zealand Crown copyright; website content licensed CC BY 3.0 New Zealand with written attribution to the Crown and Ministry.,allowed,2026-09-25T01:25:44.963Z,active,,
ircc-forward-looking,IRCC forward-looking processing times and in-queue estimates,CA,"Immigration, Refugees and Citizenship Canada",https://www.canada.ca/en/immigration-refugees-citizenship/services/application/check-processing-times.html,Government of Canada publication. GovWait stores extracted factual values with source attribution and does not reproduce page copy. Canada.ca general reproduction terms apply unless the originating resource expressly uses the Open Government Licence – Canada; review the current source terms before commercial redistribution.,allowed,2026-09-25T01:18:47.841Z,active,,
ircc-noncountry,IRCC processing times (non-country categories),CA,"Immigration, Refugees and Citizenship Canada",https://www.canada.ca/en/immigration-refugees-citizenship/services/application/check-processing-times.html,Government of Canada publication. GovWait stores extracted factual values with source attribution and does not reproduce page copy. Canada.ca general reproduction terms apply unless the originating resource expressly uses the Open Government Licence – Canada; review the current source terms before commercial redistribution.,allowed,2026-09-25T01:18:50.817Z,active,,
ircc-passport,Canadian passport processing times,CA,"Immigration, Refugees and Citizenship Canada / Service Canada",https://www.canada.ca/en/immigration-refugees-citizenship/services/canadian-passports/processing-times.html,Government of Canada publication. GovWait stores extracted factual values with source attribution and does not reproduce page copy. Canada.ca general reproduction terms apply unless the originating resource expressly uses the Open Government Licence – Canada; review the current source terms before commercial redistribution.,allowed,2026-09-25T01:18:54.832Z,active,,
ircc-ptime,IRCC Check Processing Times data,CA,"Immigration, Refugees and Citizenship Canada",https://www.canada.ca/en/immigration-refugees-citizenship/services/application/check-processing-times.html,Government of Canada publication. GovWait stores extracted factual values with source attribution and does not reproduce page copy. Canada.ca general reproduction terms apply unless the originating resource expressly uses the Open Government Licence – Canada; review the current source terms before commercial redistribution.,allowed,2026-09-25T01:18:44.823Z,active,,
udi-waiting-times,Norway immigration waiting times,NO,Norwegian Directorate of Immigration (UDI),https://www.udi.no/en/waiting-time/,"Official public information; no explicit page-reuse license was identified as of 2026-08-30. GovWait stores only extracted factual values with attribution and source links, not UDI page copy.",allowed,2026-09-01T17:38:38.623Z,source_unavailable,2026-09-04,Automated collection paused after UDI robots.txt began returning HTTP 403. GovWait does not bypass access controls; preserved values remain labeled with their last successful verification.
